time_stamp, total time, scan point size, incremental time, search time, delete size, delete time, tree size st, tree size end, add point size, preprocess time
1696750217.91576457,0.00379851,1460,0.00053130,0.00000000,0,0.00000000,332,464,195,0.00000000
1696750218.01575327,0.00159218,1461,0.00020118,0.00000000,0,0.00000000,464,549,139,0.00489480
1696750218.11486959,0.00325863,1478,0.00043106,0.00000000,0,0.00000000,549,573,112,0.00347854
1696750218.21576190,0.00384955,1476,0.00023301,0.00000000,0,0.00000000,573,621,93,0.00308558
1696750218.31573796,0.00318978,1473,0.00021554,0.00000000,0,0.00000000,621,654,84,0.00218582
1696750218.41586590,0.00323980,1507,0.00030897,0.00000000,0,0.00000000,654,685,84,0.00085860
1696750218.51576114,0.00619230,1464,0.00043585,0.00000000,0,0.00000000,685,700,60,0.00282116
1696750218.61568809,0.00535147,1456,0.00033628,0.00000000,0,0.00000000,700,700,64,0.00288732
1696750218.71578598,0.00571309,1476,0.00052931,0.00000000,0,0.00000000,700,723,58,0.00233260
1696750218.81566811,0.00496319,1437,0.00019737,0.00000000,0,0.00000000,723,751,43,0.00289448
1696750218.91565728,0.00914490,1474,0.00080912,0.00000000,0,0.00000000,751,758,50,0.00270985
1696750219.01588821,0.00243524,1468,0.00020669,0.00000000,0,0.00000000,758,749,51,0.00461649
1696750219.11589551,0.00499633,1453,0.00023569,0.00000000,0,0.00000000,749,743,42,0.00244045
1696750219.21485567,0.00196242,1440,0.00010721,0.00000000,0,0.00000000,743,773,40,0.00520201
1696750219.31587362,0.00534093,1446,0.00033785,0.00000000,0,0.00000000,773,811,52,0.00293208
1696750219.41574025,0.00436773,1426,0.00016626,0.00000000,0,0.00000000,811,838,45,0.00099182
1696750219.51568031,0.00255071,1443,0.00008138,0.00000000,0,0.00000000,838,847,30,0.00219082
1696750219.61589813,0.00341211,1403,0.00021262,0.00000000,0,0.00000000,847,836,32,0.00134463
1696750219.71575356,0.00356413,1401,0.00029142,0.00000000,0,0.00000000,836,782,29,0.00222745
1696750219.81567121,0.00359275,1446,0.00012677,0.00000000,0,0.00000000,782,799,30,0.00548343
1696750219.91578126,0.00525880,1411,0.00026966,0.00000000,0,0.00000000,799,830,38,0.00304654
1696750220.01576471,0.00339589,1409,0.00018024,0.00000000,0,0.00000000,830,810,35,0.00233435
1696750220.11497283,0.00393930,1429,0.00011044,0.00000000,0,0.00000000,810,829,28,0.00231530
1696750220.21579432,0.00296665,1437,0.00009589,0.00000000,0,0.00000000,829,844,27,0.00193090
1696750220.31578135,0.00426595,1413,0.00008178,0.00000000,0,0.00000000,844,861,24,0.00306971
1696750220.41561079,0.00419115,1454,0.00014510,0.00000000,0,0.00000000,861,886,28,0.00488573
1696750220.51579666,0.00544764,1449,0.00015755,0.00000000,0,0.00000000,886,896,27,0.00244654
1696750220.61572003,0.00341261,1465,0.00015717,0.00000000,0,0.00000000,896,875,22,0.00487998
1696750220.71482205,0.00387875,1425,0.00020193,0.00000000,0,0.00000000,875,837,21,0.00296638
1696750220.81578088,0.00250551,1450,0.00009529,0.00000000,0,0.00000000,837,850,22,0.00392474
1696750220.91571331,0.00541900,1467,0.00016684,0.00000000,0,0.00000000,850,860,27,0.00616849
1696750221.01482296,0.00309161,1429,0.00009740,0.00000000,0,0.00000000,860,876,27,0.00310196
1696750221.11576700,0.00452952,1452,0.00021580,0.00000000,0,0.00000000,876,855,22,0.00538746
1696750221.21568465,0.00324780,1432,0.00006882,0.00000000,0,0.00000000,855,865,15,0.00324783
1696750221.31560969,0.00288285,1437,0.00018432,0.00000000,0,0.00000000,865,861,23,0.00509518
1696750221.41573715,0.00285140,1442,0.00014696,0.00000000,0,0.00000000,861,858,21,0.00334827
1696750221.51475716,0.00327484,1408,0.00009789,0.00000000,0,0.00000000,858,861,20,0.00544004
1696750221.61582279,0.01042739,1408,0.00019197,0.00000000,0,0.00000000,861,868,12,0.00508766
1696750221.71568084,0.00162639,1378,0.00007231,0.00000000,0,0.00000000,868,869,21,0.00166461
1696750221.81566548,0.00455249,1431,0.00014090,0.00000000,0,0.00000000,869,876,23,0.00513209
1696750221.91582036,0.00356819,1364,0.00008144,0.00000000,0,0.00000000,876,889,17,0.00591391
1696750222.01576042,0.00521936,1362,0.00013376,0.00000000,0,0.00000000,889,898,19,0.00328227
1696750222.11569285,0.00661446,1431,0.00014675,0.00000000,0,0.00000000,898,905,18,0.00149379
1696750222.21586347,0.00451612,1358,0.00009324,0.00000000,0,0.00000000,905,906,15,0.00530105
1696750222.31574512,0.00390564,1330,0.00015320,0.00000000,0,0.00000000,906,918,21,0.00340455
1696750222.41562724,0.00212015,1319,0.00005488,0.00000000,0,0.00000000,918,931,20,0.00456710
1696750222.51580238,0.00351747,1250,0.00014606,0.00000000,0,0.00000000,931,906,17,0.00303315
1696750222.61570072,0.00420539,1225,0.00012121,0.00000000,0,0.00000000,906,917,20,0.00362248
1696750222.71562696,0.00348123,1135,0.00010971,0.00000000,0,0.00000000,917,930,18,0.00277935
1696750222.81475353,0.00270477,1119,0.00005851,0.00000000,0,0.00000000,930,944,15,0.00416864
1696750222.91575766,0.00151012,1086,0.00004079,0.00000000,0,0.00000000,944,955,12,0.00313012
1696750223.01563120,0.00232687,1084,0.00004375,0.00000000,0,0.00000000,955,967,17,0.00385490
1696750223.11579657,0.00170784,1055,0.00004270,0.00000000,0,0.00000000,967,968,9,0.00520167
1696750223.21572280,0.00412084,1080,0.00018134,0.00000000,0,0.00000000,968,968,20,0.00299916
1696750223.31565738,0.00276222,1138,0.00017979,0.00000000,0,0.00000000,968,971,41,0.00199337
1696750223.41474462,0.00365388,1185,0.00006076,0.00000000,0,0.00000000,971,984,22,0.00174210
1696750223.51568651,0.00208245,1280,0.00015302,0.00000000,0,0.00000000,984,968,39,0.00140718
1696750223.61564589,0.00559663,1356,0.00035599,0.00000000,0,0.00000000,968,998,60,0.00296634
1696750223.71473956,0.00144927,1425,0.00011243,0.00000000,0,0.00000000,998,1009,55,0.00239935
1696750223.81575203,0.00325193,1478,0.00017204,0.00000000,0,0.00000000,1009,988,72,0.00298700
1696750223.91567612,0.00280386,1556,0.00025439,0.00000000,0,0.00000000,988,1006,66,0.00525964
1696750224.01576042,0.00307036,1616,0.00016538,0.00000000,0,0.00000000,1006,1057,75,0.00531139
1696750224.11575127,0.00335460,1618,0.00021850,0.00000000,0,0.00000000,1057,1083,64,0.00126057
1696750224.21579385,0.00582822,1622,0.00095150,0.00000000,0,0.00000000,1083,1073,58,0.00279858
1696750224.31472254,0.00225837,1606,0.00014416,0.00000000,0,0.00000000,1073,1082,59,0.00196950
1696750224.41456318,0.00550510,1609,0.00026270,0.00000000,0,0.00000000,1082,1098,42,0.00291899
1696750224.51556182,0.00506535,1622,0.00013748,0.00000000,0,0.00000000,1098,1116,34,0.00466457
1696750224.61576915,0.00476395,1584,0.00018655,0.00000000,0,0.00000000,1116,1114,28,0.00192965
1696750224.71559644,0.00435083,1580,0.00029536,0.00000000,0,0.00000000,1114,1101,31,0.00105162
1696750224.81554222,0.00478251,1547,0.00014112,0.00000000,0,0.00000000,1101,1129,40,0.00388251
1696750224.91570425,0.00486512,1576,0.00026562,0.00000000,0,0.00000000,1129,1127,45,0.00524850
1696750225.01570535,0.00529591,1555,0.00014726,0.00000000,0,0.00000000,1127,1136,39,0.00314307
1696750225.11561251,0.00446852,1579,0.00019219,0.00000000,0,0.00000000,1136,1162,39,0.00295103
1696750225.21572042,0.00475569,1561,0.00028145,0.00000000,0,0.00000000,1162,1153,39,0.00356031
1696750225.31566811,0.00345122,1528,0.00009597,0.00000000,0,0.00000000,1153,1168,34,0.00378744
1696750225.41558027,0.00414709,1575,0.00020367,0.00000000,0,0.00000000,1168,1180,25,0.00428580
1696750225.51570439,0.00628033,1550,0.00026589,0.00000000,0,0.00000000,1180,1172,29,0.00436823
1696750225.61569381,0.00515059,1541,0.00017486,0.00000000,0,0.00000000,1172,1181,28,0.00311319
1696750225.71551871,0.00650472,1570,0.00010860,0.00000000,0,0.00000000,1181,1208,39,0.00420356
1696750225.81569839,0.00509548,1548,0.00019414,0.00000000,0,0.00000000,1208,1223,26,0.00165242
1696750225.91565251,0.00423579,1592,0.00030165,0.00000000,0,0.00000000,1223,1224,32,0.00386310
1696750226.01559186,0.00490476,1553,0.00016736,0.00000000,0,0.00000000,1224,1233,32,0.00318611
1696750226.11570859,0.00224528,1511,0.00009301,0.00000000,0,0.00000000,1233,1239,31,0.00301140
1696750226.21564794,0.00508840,1491,0.00014548,0.00000000,0,0.00000000,1239,1262,34,0.00345361
1696750226.31552100,0.00645999,1378,0.00019209,0.00000000,0,0.00000000,1262,1277,31,0.00136892
1696750226.41571736,0.00277091,1282,0.00010232,0.00000000,0,0.00000000,1277,1283,33,0.00373608
1696750226.51556993,0.00289394,1261,0.00007660,0.00000000,0,0.00000000,1283,1299,25,0.00522865
1696750226.61551070,0.00598363,1217,0.00030285,0.00000000,0,0.00000000,1299,1309,42,0.00290578
1696750226.71568751,0.00516852,1220,0.00017495,0.00000000,0,0.00000000,1309,1323,32,0.00376209
1696750226.81559134,0.00760723,1308,0.00053801,0.00000000,0,0.00000000,1323,1321,36,0.00148585
1696750226.91557455,0.00476523,1295,0.00018568,0.00000000,0,0.00000000,1321,1341,32,0.00217400
1696750227.01567340,0.00387822,1164,0.00012531,0.00000000,0,0.00000000,1341,1335,33,0.00331919
1696750227.11551690,0.00477228,1066,0.00035371,0.00000000,0,0.00000000,1335,1364,41,0.00336333
1696750227.21547890,0.00493858,1044,0.00023121,0.00000000,0,0.00000000,1364,1387,40,0.00353087
1696750227.31564784,0.00345502,1035,0.00026360,0.00000000,0,0.00000000,1387,1401,39,0.00532144
1696750227.41559410,0.00569136,1038,0.00055787,0.00000000,0,0.00000000,1401,1408,34,0.00264656
1696750227.51548672,0.00428317,1037,0.00036820,0.00000000,0,0.00000000,1408,1418,22,0.00394094
1696750227.61566687,0.00426686,1096,0.00032659,0.00000000,0,0.00000000,1418,1414,32,0.00313605
1696750227.71556759,0.00300194,1020,0.00018649,0.00000000,0,0.00000000,1414,1432,35,0.00461437
1696750227.81557703,0.00277967,1012,0.00046724,0.00000000,0,0.00000000,1432,1422,29,0.00394397
1696750227.91461539,0.00270605,1003,0.00015354,0.00000000,0,0.00000000,1422,1450,33,0.00177561
1696750228.01553178,0.00368936,1009,0.00071592,0.00000000,0,0.00000000,1450,1447,37,0.00259580
1696750228.11546302,0.00368603,982,0.00028576,0.00000000,0,0.00000000,1447,1439,27,0.00227159
1696750228.21565485,0.00424262,973,0.00081698,0.00000000,0,0.00000000,1439,1409,25,0.00111805
1696750228.31552911,0.00259025,968,0.00010240,0.00000000,0,0.00000000,1409,1435,31,0.00245890
1696750228.41544676,0.00134395,943,0.00006620,0.00000000,0,0.00000000,1435,1453,27,0.00238467
1696750228.51565671,0.00271097,941,0.00012578,0.00000000,0,0.00000000,1453,1461,22,0.00216862
1696750228.61553144,0.00281040,1035,0.00021397,0.00000000,0,0.00000000,1461,1478,33,0.00364413
1696750228.71542430,0.00409675,1046,0.00050696,0.00000000,0,0.00000000,1478,1453,34,0.00315079
1696750228.81571198,0.00292602,988,0.00012476,0.00000000,0,0.00000000,1453,1462,22,0.00106261
1696750228.91549301,0.00287266,953,0.00020879,0.00000000,0,0.00000000,1462,1470,31,0.00284475
1696750229.01563358,0.00324289,1010,0.00023795,0.00000000,0,0.00000000,1470,1492,32,0.00196409
1696750229.11560893,0.00227724,1024,0.00011068,0.00000000,0,0.00000000,1492,1510,34,0.00406928
1696750229.21551800,0.00291657,1055,0.00016736,0.00000000,0,0.00000000,1510,1515,32,0.00306655
1696750229.31565475,0.00203071,1079,0.00008523,0.00000000,0,0.00000000,1515,1535,35,0.00317555
1696750229.41561174,0.00470277,1078,0.00046617,0.00000000,0,0.00000000,1535,1530,28,0.00305786
1696750229.51550293,0.00494630,1045,0.00046328,0.00000000,0,0.00000000,1530,1519,28,0.00383031
1696750229.61563516,0.00533226,1068,0.00037042,0.00000000,0,0.00000000,1519,1543,36,0.00319219
1696750229.71557975,0.00302866,1062,0.00019641,0.00000000,0,0.00000000,1543,1559,32,0.00136577
1696750229.81549883,0.00318258,1094,0.00027315,0.00000000,0,0.00000000,1559,1567,21,0.00424575
1696750229.91543841,0.00481113,1040,0.00124953,0.00000000,0,0.00000000,1567,1544,30,0.00324213
1696750230.01557708,0.00502534,1111,0.00032232,0.00000000,0,0.00000000,1544,1553,27,0.00315281
1696750230.11555529,0.00314068,1115,0.00027058,0.00000000,0,0.00000000,1553,1576,32,0.00314244
1696750230.21564102,0.00450555,1094,0.00025993,0.00000000,0,0.00000000,1576,1591,22,0.00240850
1696750230.31464958,0.00417213,1144,0.00021103,0.00000000,0,0.00000000,1591,1604,23,0.00253396
1696750230.41575313,0.00230374,1118,0.00008955,0.00000000,0,0.00000000,1604,1625,27,0.00476869
1696750230.51562643,0.00338838,1129,0.00017069,0.00000000,0,0.00000000,1625,1616,30,0.00267933
1696750230.61558318,0.00382249,1183,0.00020243,0.00000000,0,0.00000000,1616,1629,28,0.00345527
1696750230.71544981,0.00394281,1163,0.00029300,0.00000000,0,0.00000000,1629,1647,36,0.00305388
1696750230.81537509,0.00373780,1161,0.00029592,0.00000000,0,0.00000000,1647,1661,40,0.00127852
1696750230.91556048,0.00308444,1125,0.00013271,0.00000000,0,0.00000000,1661,1684,31,0.00300181
1696750231.01571584,0.00248918,1127,0.00020039,0.00000000,0,0.00000000,1684,1670,33,0.00321094
1696750231.11563730,0.00308693,1094,0.00011613,0.00000000,0,0.00000000,1670,1697,35,0.00527684
1696750231.21555114,0.00288172,1113,0.00022999,0.00000000,0,0.00000000,1697,1678,32,0.00315922
1696750231.31546283,0.00341248,1092,0.00014813,0.00000000,0,0.00000000,1678,1693,18,0.00378888
1696750231.41814160,0.00434388,1063,0.00020804,0.00000000,0,0.00000000,1693,1702,19,0.00276590
1696750231.51557708,0.00283847,1068,0.00013641,0.00000000,0,0.00000000,1702,1705,12,0.00305001
1696750231.61582017,0.00330987,1078,0.00040149,0.00000000,0,0.00000000,1705,1695,18,0.00278965
1696750231.71536827,0.00278831,1064,0.00010065,0.00000000,0,0.00000000,1695,1711,20,0.00396051
1696750231.81544280,0.00367846,1073,0.00091220,0.00000000,0,0.00000000,1711,1690,25,0.00255511
1696750231.91539073,0.00261005,1062,0.00006490,0.00000000,0,0.00000000,1690,1705,16,0.00174622
1696750232.01562071,0.00294726,1047,0.00010975,0.00000000,0,0.00000000,1705,1729,24,0.00367906
1696750232.11576796,0.00265161,1095,0.00013417,0.00000000,0,0.00000000,1729,1737,26,0.00327674
1696750232.21562386,0.00139365,1077,0.00008197,0.00000000,0,0.00000000,1737,1755,35,0.00328130
1696750232.31554818,0.00390861,1128,0.00016102,0.00000000,0,0.00000000,1755,1768,29,0.00270821
1696750232.41550994,0.00158334,1097,0.00009277,0.00000000,0,0.00000000,1768,1781,29,0.00347386
1696750232.51542568,0.00153944,1044,0.00005595,0.00000000,0,0.00000000,1781,1803,32,0.00204080
1696750232.61553550,0.00362888,1041,0.00029121,0.00000000,0,0.00000000,1803,1835,40,0.00092130
1696750232.71552062,0.00358082,1056,0.00024503,0.00000000,0,0.00000000,1835,1846,35,0.00298626
1696750232.81559300,0.00133511,1017,0.00010148,0.00000000,0,0.00000000,1846,1835,34,0.00120298
1696750232.91548133,0.00211216,1021,0.00007665,0.00000000,0,0.00000000,1835,1853,26,0.00175315
1696750233.01550555,0.00387015,1025,0.00018409,0.00000000,0,0.00000000,1853,1871,23,0.00335771
1696750233.11561966,0.00280294,1051,0.00010883,0.00000000,0,0.00000000,1871,1887,23,0.00341778
1696750233.21547651,0.00144692,1029,0.00007114,0.00000000,0,0.00000000,1887,1900,25,0.00139293
1696750233.31553268,0.00195803,1059,0.00021616,0.00000000,0,0.00000000,1900,1836,32,0.00186504
1696750233.41541886,0.00339497,1079,0.00009497,0.00000000,0,0.00000000,1836,1860,29,0.00525910
1696750233.51472950,0.00149765,1047,0.00006251,0.00000000,0,0.00000000,1860,1873,19,0.00255821
1696750233.61553645,0.00256862,1048,0.00005580,0.00000000,0,0.00000000,1873,1891,24,0.00123246
1696750233.71557903,0.00159145,1050,0.00011242,0.00000000,0,0.00000000,1891,1906,35,0.00157657
1696750233.81544447,0.00328749,1024,0.00019317,0.00000000,0,0.00000000,1906,1914,23,0.00270817
1696750233.91552472,0.00417008,1081,0.00021279,0.00000000,0,0.00000000,1914,1933,27,0.00161851
1696750234.01562762,0.00317768,1034,0.00014692,0.00000000,0,0.00000000,1933,1942,22,0.00393556
1696750234.11544943,0.00487569,1070,0.00020527,0.00000000,0,0.00000000,1942,1966,28,0.00164525
1696750234.21564817,0.00509243,1038,0.00040437,0.00000000,0,0.00000000,1966,1975,24,0.00479799
1696750234.31563973,0.00256751,1022,0.00011827,0.00000000,0,0.00000000,1975,1985,28,0.00368377
1696750234.41546512,0.00172134,1043,0.00038086,0.00000000,0,0.00000000,1985,1914,28,0.00543874
1696750234.51537156,0.00213735,1059,0.00007343,0.00000000,0,0.00000000,1914,1927,24,0.00549726
1696750234.61561012,0.00248360,1047,0.00004209,0.00000000,0,0.00000000,1927,1941,15,0.00553766
1696750234.71542525,0.00251369,1016,0.00010708,0.00000000,0,0.00000000,1941,1950,25,0.00276289
1696750234.81539369,0.00341466,1056,0.00017184,0.00000000,0,0.00000000,1950,1974,31,0.00094917
1696750234.91557407,0.00481142,995,0.00040514,0.00000000,0,0.00000000,1974,1991,35,0.00137501
1696750235.01545429,0.00268717,1011,0.00007288,0.00000000,0,0.00000000,1991,2000,23,0.00241707
1696750235.11540914,0.00285470,1034,0.00028959,0.00000000,0,0.00000000,2000,2019,23,0.00180295
1696750235.21557117,0.00346392,995,0.00015831,0.00000000,0,0.00000000,1849,1872,23,0.00279597
1696750235.31547880,0.00218407,1003,0.00003495,0.00000000,0,0.00000000,1872,1888,16,0.00357239
1696750235.41539049,0.00466359,1045,0.00021005,0.00000000,0,0.00000000,1888,1908,25,0.00211154
1696750235.51555610,0.00418055,1078,0.00017463,0.00000000,0,0.00000000,1908,1927,20,0.00433370
1696750235.61549425,0.00337813,1068,0.00004887,0.00000000,0,0.00000000,1927,1935,19,0.00257094
1696750235.71557426,0.00179746,1008,0.00011986,0.00000000,0,0.00000000,1935,1958,29,0.00478824
1696750235.81553650,0.00232404,977,0.00013195,0.00000000,0,0.00000000,1958,1967,28,0.00406647
1696750235.91545725,0.00389892,1045,0.00017904,0.00000000,0,0.00000000,1967,1984,29,0.00309244
1696750236.01563883,0.00396907,1072,0.00008569,0.00000000,0,0.00000000,1984,1984,18,0.00423066
1696750236.11552262,0.00373527,984,0.00017103,0.00000000,0,0.00000000,1984,1998,26,0.00127426
1696750236.21542549,0.00121105,1036,0.00004290,0.00000000,0,0.00000000,1998,2012,18,0.00147638
1696750236.31562543,0.00455393,1003,0.00024413,0.00000000,0,0.00000000,2012,2025,27,0.00339126
1696750236.41550446,0.00244276,1028,0.00011776,0.00000000,0,0.00000000,2025,2040,25,0.00416334
1696750236.51542687,0.00335683,1031,0.00011027,0.00000000,0,0.00000000,2040,2047,21,0.00230125
1696750236.61558294,0.00261588,1045,0.00010612,0.00000000,0,0.00000000,2047,2049,21,0.00177819
1696750236.71546578,0.00529861,1053,0.00014096,0.00000000,0,0.00000000,2049,2059,26,0.00479927
1696750236.81540155,0.00348632,1074,0.00016175,0.00000000,0,0.00000000,2059,2062,30,0.00186617
1696750236.91556406,0.00291211,1076,0.00009689,0.00000000,0,0.00000000,2062,2062,26,0.00231491
1696750237.01546884,0.00169027,1107,0.00021434,0.00000000,0,0.00000000,2062,2036,33,0.00418749
1696750237.11546135,0.00315648,1091,0.00009972,0.00000000,0,0.00000000,2036,2058,29,0.00271791
1696750237.21559811,0.00288124,1054,0.00011667,0.00000000,0,0.00000000,2058,2057,27,0.00196935
1696750237.31552076,0.00507378,996,0.00022230,0.00000000,0,0.00000000,2057,2065,19,0.00326198
1696750237.41539574,0.00427967,1040,0.00012259,0.00000000,0,0.00000000,2065,2087,22,0.00136584
1696750237.51556516,0.00250933,1030,0.00032330,0.00000000,0,0.00000000,2087,2048,29,0.00249250
1696750237.61543751,0.00171137,984,0.00005974,0.00000000,0,0.00000000,2048,2058,19,0.00322384
1696750237.71540189,0.00514345,1043,0.00013202,0.00000000,0,0.00000000,2058,2075,19,0.00269559
1696750237.81561661,0.00239218,1037,0.00009469,0.00000000,0,0.00000000,2075,2082,18,0.00393279
1696750237.91548967,0.00279737,1042,0.00007436,0.00000000,0,0.00000000,2082,2096,21,0.00138918
1696750238.01617002,0.00367638,1054,0.00006116,0.00000000,0,0.00000000,2096,2103,10,0.00125335
1696750238.11554241,0.00368934,1044,0.00007895,0.00000000,0,0.00000000,2103,2113,16,0.00328825
1696750238.21546292,0.00251678,1049,0.00009093,0.00000000,0,0.00000000,2113,2124,16,0.00206886
1696750238.31539488,0.00201947,1068,0.00006111,0.00000000,0,0.00000000,2124,2120,9,0.00240980
1696750238.41543698,0.00277974,1064,0.00005436,0.00000000,0,0.00000000,2120,2132,18,0.00270267
1696750238.51543951,0.00338755,1075,0.00008772,0.00000000,0,0.00000000,2132,2148,17,0.00271527
1696750238.61539435,0.00426647,1094,0.00027636,0.00000000,0,0.00000000,2148,2123,22,0.00208844
1696750238.71551371,0.00398038,1099,0.00011741,0.00000000,0,0.00000000,2123,2133,24,0.00156786
1696750238.81547284,0.00273733,1093,0.00020525,0.00000000,0,0.00000000,2133,2138,33,0.00306623
1696750238.91536188,0.00442241,1097,0.00035947,0.00000000,0,0.00000000,2138,2147,23,0.00312857
1696750239.01551485,0.00373879,1083,0.00015528,0.00000000,0,0.00000000,2147,2164,26,0.00248722
1696750239.11543655,0.00682830,1144,0.00043554,0.00000000,0,0.00000000,2164,2189,31,0.00240154
1696750239.21533728,0.00451190,1125,0.00029805,0.00000000,0,0.00000000,2189,2197,30,0.00285173
1696750239.31549931,0.00184875,1112,0.00010101,0.00000000,0,0.00000000,2197,2212,34,0.00257656
1696750239.41542792,0.00242568,1038,0.00006465,0.00000000,0,0.00000000,2212,2218,18,0.00285096
1696750239.51535678,0.00339493,1000,0.00013691,0.00000000,0,0.00000000,2218,2214,17,0.00270731
1696750239.61550331,0.00261994,999,0.00013603,0.00000000,0,0.00000000,2214,2190,19,0.00456364
1696750239.71618652,0.00386901,1012,0.00011680,0.00000000,0,0.00000000,2190,2198,18,0.00257645
1696750239.81533313,0.00228751,990,0.00009427,0.00000000,0,0.00000000,2198,2201,17,0.00222571
1696750239.91540146,0.00272146,1014,0.00017113,0.00000000,0,0.00000000,2201,2212,23,0.00304047
1696750240.01545334,0.00218642,1024,0.00008577,0.00000000,0,0.00000000,2212,2230,27,0.00281597
1696750240.11534905,0.00266829,1085,0.00007973,0.00000000,0,0.00000000,2230,2246,18,0.00335333
1696750240.21545839,0.00296233,1096,0.00044789,0.00000000,0,0.00000000,2246,2194,26,0.00135379
1696750240.31543732,0.00353566,1085,0.00012548,0.00000000,0,0.00000000,2194,2204,22,0.00192048
1696750240.41538477,0.00237282,1089,0.00006512,0.00000000,0,0.00000000,2204,2220,20,0.00232046
1696750240.51538658,0.00412655,1071,0.00024924,0.00000000,0,0.00000000,2220,2230,19,0.00247443
1696750240.61545849,0.00436642,1084,0.00018729,0.00000000,0,0.00000000,2230,2239,23,0.00308755
1696750240.71539664,0.00354642,1062,0.00041841,0.00000000,0,0.00000000,2239,2217,27,0.00473796
1696750240.81542420,0.00657591,1058,0.00034396,0.00000000,0,0.00000000,2217,2231,22,0.00275242
1696750240.91537213,0.00354150,1079,0.00012170,0.00000000,0,0.00000000,2231,2246,21,0.00312162
1696750241.01534820,0.00379035,1049,0.00013174,0.00000000,0,0.00000000,2246,2260,20,0.00452932
1696750241.11541080,0.00526079,1022,0.00026848,0.00000000,0,0.00000000,2260,2275,29,0.00368038
1696750241.21546030,0.00427625,1035,0.00014052,0.00000000,0,0.00000000,2275,2291,30,0.00673208
1696750241.31536841,0.00625563,1094,0.00053015,0.00000000,0,0.00000000,2291,2306,47,0.00381704
1696750241.41546369,0.00375014,1066,0.00017743,0.00000000,0,0.00000000,2306,2311,32,0.00273025
1696750241.51535463,0.00244597,1069,0.00009964,0.00000000,0,0.00000000,2311,2339,41,0.00623146
1696750241.61532092,0.00390777,1019,0.00017024,0.00000000,0,0.00000000,2339,2363,40,0.00386386
1696750241.71541095,0.00341139,1035,0.00012552,0.00000000,0,0.00000000,2363,2383,31,0.00453103
1696750241.81532168,0.00341936,1065,0.00017482,0.00000000,0,0.00000000,2244,2280,40,0.00493542
1696750241.91586614,0.00463094,1058,0.00020275,0.00000000,0,0.00000000,2280,2310,33,0.00419763
1696750242.01541305,0.00289353,1031,0.00017123,0.00000000,0,0.00000000,2310,2342,48,0.00300333
1696750242.11535692,0.00341093,1036,0.00013123,0.00000000,0,0.00000000,2342,2362,30,0.00294714
1696750242.21541238,0.00263487,1001,0.00021180,0.00000000,0,0.00000000,2362,2371,40,0.00280552
1696750242.31539726,0.00315759,982,0.00019002,0.00000000,0,0.00000000,2371,2394,38,0.00250931
1696750242.41535187,0.00329157,999,0.00020581,0.00000000,0,0.00000000,2394,2400,36,0.00222924
1696750242.51528573,0.00249483,1041,0.00014242,0.00000000,0,0.00000000,2400,2415,46,0.00308531
1696750242.61543012,0.00314002,1050,0.00018167,0.00000000,0,0.00000000,2415,2441,40,0.00206020
1696750242.71535540,0.00381492,998,0.00025896,0.00000000,0,0.00000000,2441,2473,45,0.00344046
1696750242.81526637,0.00360828,1018,0.00025272,0.00000000,0,0.00000000,2473,2487,39,0.00367994
1696750242.91539812,0.00349606,976,0.00014002,0.00000000,0,0.00000000,2487,2500,26,0.00455523
1696750243.01531911,0.00418674,1013,0.00043489,0.00000000,0,0.00000000,2500,2482,39,0.00239362
1696750243.11528325,0.00306872,1039,0.00018056,0.00000000,0,0.00000000,2482,2514,51,0.00507456
1696750243.21552968,0.00236971,1059,0.00013128,0.00000000,0,0.00000000,2514,2530,36,0.00394631
1696750243.31530404,0.00373508,1033,0.00022134,0.00000000,0,0.00000000,2530,2546,35,0.00495008
1696750243.41528916,0.00311191,998,0.00035296,0.00000000,0,0.00000000,2546,2555,43,0.00436510
1696750243.51535487,0.00381358,1000,0.00024898,0.00000000,0,0.00000000,2555,2560,42,0.00322559
1696750243.61529875,0.00174688,1001,0.00010812,0.00000000,0,0.00000000,2560,2585,43,0.00441787
1696750243.71524906,0.00406083,970,0.00048585,0.00000000,0,0.00000000,2585,2527,41,0.00361685
1696750243.81538653,0.00350897,955,0.00011821,0.00000000,0,0.00000000,2527,2557,33,0.00286307
1696750243.91529846,0.00367327,960,0.00016119,0.00000000,0,0.00000000,2557,2575,37,0.00385928
1696750244.01525664,0.00427122,946,0.00018488,0.00000000,0,0.00000000,2575,2594,32,0.00553869
1696750244.11545563,0.00442183,1007,0.00021021,0.00000000,0,0.00000000,2594,2591,35,0.00191702
1696750244.21506810,0.00341451,1025,0.00017565,0.00000000,0,0.00000000,2591,2586,30,0.00307397
1696750244.31526327,0.00489216,1018,0.00024948,0.00000000,0,0.00000000,2586,2607,37,0.00445920
1696750244.41531706,0.00430741,943,0.00018956,0.00000000,0,0.00000000,2607,2635,38,0.00402767
1696750244.51528287,0.00467146,968,0.00028433,0.00000000,0,0.00000000,2635,2642,41,0.00368319
1696750244.61522627,0.00408410,1018,0.00026174,0.00000000,0,0.00000000,2642,2630,36,0.00251423
1696750244.71533966,0.00406604,1053,0.00022487,0.00000000,0,0.00000000,2630,2633,31,0.00313420
1696750244.81526327,0.00243235,1014,0.00009236,0.00000000,0,0.00000000,2633,2669,42,0.00525752
1696750244.91524315,0.00424950,1008,0.00022190,0.00000000,0,0.00000000,2669,2690,38,0.00295329
1696750245.01535821,0.00457023,1022,0.00025862,0.00000000,0,0.00000000,2690,2698,32,0.00373229
1696750245.11525083,0.00335360,1011,0.00024870,0.00000000,0,0.00000000,2698,2707,29,0.00362703
1696750245.21526623,0.00318554,1057,0.00020237,0.00000000,0,0.00000000,2707,2706,36,0.00503304
1696750245.31527305,0.00508598,1030,0.00031082,0.00000000,0,0.00000000,2706,2717,36,0.00340029
1696750245.41521883,0.00364661,993,0.00024908,0.00000000,0,0.00000000,2717,2733,47,0.00476820
1696750245.51524472,0.00285010,1014,0.00028647,0.00000000,0,0.00000000,2733,2708,26,0.00352893
1696750245.61520886,0.00336642,1002,0.00015472,0.00000000,0,0.00000000,2708,2710,30,0.00505960
1696750245.71525693,0.00385284,1086,0.00020143,0.00000000,0,0.00000000,2710,2735,40,0.00272787
1696750245.81518245,0.00474522,1077,0.00017801,0.00000000,0,0.00000000,2735,2752,34,0.00299864
1696750245.91524124,0.00328165,1090,0.00018229,0.00000000,0,0.00000000,2752,2764,29,0.00511798
1696750246.01528263,0.00401084,1079,0.00020968,0.00000000,0,0.00000000,2764,2777,27,0.00593834
1696750246.11520600,0.00514549,1066,0.00031789,0.00000000,0,0.00000000,2777,2770,35,0.00365228
1696750246.21527433,0.00147182,1039,0.00008108,0.00000000,0,0.00000000,2770,2764,29,0.00328628
1696750246.31521297,0.00385543,1078,0.00012825,0.00000000,0,0.00000000,2764,2771,23,0.00409077
1696750246.41523218,0.00465914,1077,0.00018904,0.00000000,0,0.00000000,2771,2791,35,0.00367814
1696750246.51526213,0.00419837,1073,0.00039231,0.00000000,0,0.00000000,2791,2787,27,0.00330451
1696750246.61544418,0.00169544,1049,0.00009694,0.00000000,0,0.00000000,2787,2791,28,0.00118129
1696750246.71519017,0.00350191,1029,0.00014638,0.00000000,0,0.00000000,2791,2815,30,0.00381446
1696750246.81528163,0.00399238,1048,0.00026383,0.00000000,0,0.00000000,2815,2831,41,0.00462330
1696750246.91533613,0.00345371,1077,0.00022826,0.00000000,0,0.00000000,2831,2842,34,0.00382710
1696750247.01519394,0.00377171,1005,0.00018411,0.00000000,0,0.00000000,2682,2713,39,0.00555518
1696750247.11528969,0.00432750,1133,0.00016405,0.00000000,0,0.00000000,2713,2724,23,0.00534217
1696750247.21534610,0.00507374,1067,0.00016354,0.00000000,0,0.00000000,2724,2741,21,0.00551134
1696750247.31516504,0.00396953,1064,0.00027213,0.00000000,0,0.00000000,2741,2736,27,0.00363186
1696750247.41529179,0.00137910,1080,0.00006972,0.00000000,0,0.00000000,2736,2751,21,0.00342550
1696750247.51515532,0.00334839,1118,0.00014249,0.00000000,0,0.00000000,2751,2771,22,0.00497859
1696750247.61517096,0.00443934,1086,0.00027213,0.00000000,0,0.00000000,2771,2771,30,0.00423977
1696750247.71526122,0.00405675,1136,0.00021120,0.00000000,0,0.00000000,2771,2784,35,0.00566649
1696750247.81518722,0.00346339,1166,0.00016752,0.00000000,0,0.00000000,2784,2808,35,0.00539472
1696750247.91513515,0.00231373,1119,0.00011615,0.00000000,0,0.00000000,2808,2829,44,0.00366194
1696750248.01527166,0.00219610,1118,0.00023005,0.00000000,0,0.00000000,2829,2818,38,0.00285538
1696750248.11515045,0.00234604,1111,0.00009100,0.00000000,0,0.00000000,2818,2833,32,0.00492252
1696750248.21513534,0.00475177,1120,0.00031071,0.00000000,0,0.00000000,2833,2864,48,0.00527505
1696750248.31516504,0.00508543,1088,0.00024325,0.00000000,0,0.00000000,2864,2871,25,0.00464175
1696750248.41515803,0.00569963,1141,0.00013440,0.00000000,0,0.00000000,2871,2891,30,0.00455372
1696750248.51526427,0.00436827,1126,0.00014708,0.00000000,0,0.00000000,2891,2896,17,0.00525779
1696750248.61520195,0.00610217,1130,0.00050010,0.00000000,0,0.00000000,2896,2893,38,0.00547916
1696750248.71513557,0.00446356,1128,0.00019392,0.00000000,0,0.00000000,2893,2898,29,0.00571185
1696750248.81512928,0.00561364,1112,0.00021247,0.00000000,0,0.00000000,2898,2888,23,0.00350230
1696750248.91520715,0.00625196,1124,0.00034009,0.00000000,0,0.00000000,2888,2894,25,0.00391713
1696750249.01517820,0.00227655,1130,0.00022839,0.00000000,0,0.00000000,2894,2901,35,0.00374528
1696750249.11522174,0.00380129,1107,0.00013667,0.00000000,0,0.00000000,2901,2909,27,0.00389119
1696750249.21520519,0.00389750,1069,0.00044902,0.00000000,0,0.00000000,2909,2909,26,0.00420827
1696750249.31514263,0.00377562,1054,0.00011172,0.00000000,0,0.00000000,2909,2923,15,0.00557548
1696750249.41509461,0.00357431,1025,0.00027718,0.00000000,0,0.00000000,2923,2914,18,0.00155097
1696750249.51520777,0.00397551,1055,0.00014590,0.00000000,0,0.00000000,2914,2927,22,0.00299692
1696750249.61521530,0.00344937,1014,0.00010612,0.00000000,0,0.00000000,2927,2936,10,0.00332626
1696750249.71526027,0.00414061,1043,0.00011270,0.00000000,0,0.00000000,2936,2949,19,0.00427267
1696750249.81518674,0.00238843,1035,0.00015124,0.00000000,0,0.00000000,2949,2946,21,0.00337922
1696750249.91509724,0.00254865,982,0.00014753,0.00000000,0,0.00000000,2946,2955,27,0.00461185
1696750250.01508045,0.00389114,944,0.00048252,0.00000000,0,0.00000000,2955,2943,22,0.00289230
1696750250.11512351,0.00337027,985,0.00017963,0.00000000,0,0.00000000,2943,2962,24,0.00533861
1696750250.21512961,0.00384488,1024,0.00024372,0.00000000,0,0.00000000,2962,2984,29,0.00197358
1696750250.31514168,0.00365606,1014,0.00022841,0.00000000,0,0.00000000,2984,2996,31,0.00231812
1696750250.41514587,0.00497774,1023,0.00023990,0.00000000,0,0.00000000,2996,3013,32,0.00296947
1696750250.51511478,0.00316539,952,0.00025325,0.00000000,0,0.00000000,3013,3027,19,0.00309584
1696750250.61505365,0.00468843,976,0.00014605,0.00000000,0,0.00000000,3027,3040,23,0.00424769
1696750250.71520352,0.00456039,967,0.00025848,0.00000000,0,0.00000000,3040,3057,26,0.00311005
1696750250.81511116,0.00200904,960,0.00010466,0.00000000,0,0.00000000,3057,3058,25,0.00394267
1696750250.91521311,0.00429688,982,0.00032276,0.00000000,0,0.00000000,3058,3069,31,0.00287211
1696750251.01518250,0.00384493,968,0.00027338,0.00000000,0,0.00000000,3069,3082,31,0.00406810
1696750251.11524868,0.00488698,1006,0.00024127,0.00000000,0,0.00000000,3082,3099,29,0.00385269
1696750251.21523261,0.00586576,1031,0.00067545,0.00000000,0,0.00000000,3099,3108,39,0.00500072
1696750251.31518030,0.00526837,1055,0.00016617,0.00000000,0,0.00000000,3108,3137,34,0.00469556
1696750251.41505504,0.00377777,1096,0.00036231,0.00000000,0,0.00000000,3055,3089,43,0.00434658
1696750251.51504540,0.00510566,1053,0.00029481,0.00000000,0,0.00000000,3089,3108,38,0.00412083
1696750251.61516261,0.00258949,1118,0.00017053,0.00000000,0,0.00000000,3108,3125,42,0.00380102
1696750251.71520615,0.00349336,1106,0.00020637,0.00000000,0,0.00000000,3125,3131,29,0.00455500
1696750251.81506133,0.00131797,1100,0.00006470,0.00000000,0,0.00000000,3131,3137,24,0.00263491
1696750251.91509461,0.00335854,1113,0.00017167,0.00000000,0,0.00000000,3137,3157,27,0.00467301
1696750252.01503491,0.00359276,1097,0.00048616,0.00000000,0,0.00000000,3157,3178,33,0.00241588
1696750252.11503434,0.00365576,1069,0.00023001,0.00000000,0,0.00000000,3178,3192,30,0.00473000
1696750252.21512985,0.00257520,1154,0.00022275,0.00000000,0,0.00000000,3192,3218,43,0.00072104
1696750252.31502295,0.00451561,1235,0.00017522,0.00000000,0,0.00000000,3218,3225,36,0.00223717
1696750252.41517186,0.00451574,1184,0.00027720,0.00000000,0,0.00000000,3225,3243,38,0.00288506
1696750252.51509166,0.00386564,1245,0.00021771,0.00000000,0,0.00000000,3243,3264,41,0.00243698
1696750252.61506534,0.00546833,1213,0.00029394,0.00000000,0,0.00000000,3264,3288,39,0.00107134
1696750252.71503186,0.00395546,1279,0.00021755,0.00000000,0,0.00000000,3288,3306,39,0.00415012
1696750252.81514144,0.00303632,1337,0.00013487,0.00000000,0,0.00000000,3306,3331,48,0.00378600
1696750252.91518927,0.00488158,1378,0.00030192,0.00000000,0,0.00000000,3331,3354,52,0.00250145
1696750253.01510191,0.00478924,1483,0.00024245,0.00000000,0,0.00000000,3354,3361,43,0.00338867
1696750253.11514020,0.00396332,1492,0.00033263,0.00000000,0,0.00000000,3361,3378,58,0.00299102
1696750253.21502995,0.00443774,1478,0.00036953,0.00000000,0,0.00000000,3378,3388,45,0.00435347
1696750253.31510973,0.00412751,1478,0.00045254,0.00000000,0,0.00000000,3388,3400,52,0.00301921
1696750253.41510034,0.00739609,1508,0.00066746,0.00000000,0,0.00000000,3400,3424,45,0.00461840
1696750253.51504850,0.00481204,1533,0.00029524,0.00000000,0,0.00000000,3424,3447,50,0.00323142
1696750253.61516500,0.00627810,1554,0.00023916,0.00000000,0,0.00000000,3447,3468,55,0.00384575
1696750253.71512127,0.00712637,1552,0.00054983,0.00000000,0,0.00000000,3468,3476,59,0.00274175
1696750253.81500483,0.00676762,1600,0.00010713,0.00000000,0,0.00000000,3476,3489,34,0.00405169
1696750253.91517568,0.00451841,1542,0.00050184,0.00000000,0,0.00000000,3489,3451,38,0.00331279
1696750254.01507068,0.00445140,1618,0.00044561,0.00000000,0,0.00000000,3451,3439,51,0.00339222
1696750254.11499310,0.00653814,1631,0.00011001,0.00000000,0,0.00000000,3439,3463,31,0.00446737
1696750254.21516061,0.00606851,1617,0.00046375,0.00000000,0,0.00000000,3463,3477,44,0.00402677
1696750254.31504941,0.00565850,1647,0.00018063,0.00000000,0,0.00000000,3477,3492,39,0.00259576
1696750254.41496944,0.00216570,1603,0.00018487,0.00000000,0,0.00000000,3492,3502,49,0.00306727
1696750254.51513410,0.00619219,1652,0.00052093,0.00000000,0,0.00000000,3502,3525,57,0.00482518
1696750254.61506534,0.00624542,1653,0.00048969,0.00000000,0,0.00000000,3525,3551,46,0.00444988
1696750254.71497321,0.00649198,1641,0.00025436,0.00000000,0,0.00000000,3551,3570,42,0.00482442
1696750254.81513643,0.00632313,1616,0.00023909,0.00000000,0,0.00000000,3570,3582,37,0.00133623
1696750254.91506076,0.00650621,1563,0.00028334,0.00000000,0,0.00000000,3582,3609,33,0.00261549
1696750255.01495552,0.00673602,1637,0.00037350,0.00000000,0,0.00000000,3609,3632,35,0.00425016
1696750255.11511707,0.00663734,1574,0.00070247,0.00000000,0,0.00000000,3632,3537,27,0.00495708
1696750255.21500063,0.00784092,1558,0.00028299,0.00000000,0,0.00000000,3537,3557,27,0.00533771
1696750255.31513071,0.00767880,1575,0.00013189,0.00000000,0,0.00000000,3557,3573,25,0.00360686
1696750255.41513753,0.00524669,1559,0.00017361,0.00000000,0,0.00000000,3573,3585,24,0.00306430
1696750255.51502061,0.00622408,1499,0.00022888,0.00000000,0,0.00000000,3585,3601,31,0.00296227
1696750255.61498237,0.00545034,1465,0.00014302,0.00000000,0,0.00000000,3601,3605,16,0.00486152
1696750255.71507359,0.00461871,1455,0.00025409,0.00000000,0,0.00000000,3605,3625,36,0.00375711
1696750255.81501293,0.00639283,1466,0.00019522,0.00000000,0,0.00000000,3625,3636,36,0.00573303
1696750255.91511250,0.00548193,1473,0.00017485,0.00000000,0,0.00000000,3636,3664,42,0.00469250
1696750256.01511955,0.00587542,1493,0.00039436,0.00000000,0,0.00000000,3664,3671,35,0.00542776
1696750256.11501336,0.00305675,1446,0.00012435,0.00000000,0,0.00000000,3671,3690,34,0.00280183
1696750256.21509814,0.00647958,1425,0.00036173,0.00000000,0,0.00000000,3690,3697,33,0.00289542
1696750256.31506968,0.00748918,1450,0.00043653,0.00000000,0,0.00000000,3697,3721,55,0.00532345
1696750256.41504455,0.00603412,1421,0.00036437,0.00000000,0,0.00000000,3721,3737,39,0.00492443
1696750256.51490641,0.00652612,1387,0.00021812,0.00000000,0,0.00000000,3737,3772,45,0.00319090
1696750256.61510253,0.00597854,1349,0.00029113,0.00000000,0,0.00000000,3772,3790,31,0.00362300
1696750256.71494699,0.00655264,1315,0.00019802,0.00000000,0,0.00000000,3790,3807,34,0.00558007
1696750256.81510186,0.00483756,1209,0.00025931,0.00000000,0,0.00000000,3807,3817,23,0.00345123
1696750256.91507912,0.00654116,1251,0.00024764,0.00000000,0,0.00000000,3817,3824,32,0.00310235
1696750257.01495814,0.00327319,1227,0.00012410,0.00000000,0,0.00000000,3824,3841,38,0.00315409
1696750257.11494064,0.00314050,1213,0.00017852,0.00000000,0,0.00000000,3841,3863,36,0.00500483
1696750257.21507692,0.00274327,1189,0.00017017,0.00000000,0,0.00000000,3863,3861,39,0.00262180
1696750257.31492496,0.00708422,1167,0.00037183,0.00000000,0,0.00000000,3861,3875,30,0.00507430
1696750257.41494584,0.00364507,1154,0.00011333,0.00000000,0,0.00000000,3875,3899,35,0.00233284
1696750257.51503253,0.00544687,1182,0.00012963,0.00000000,0,0.00000000,3899,3899,23,0.00145575
1696750257.61499977,0.00690224,1179,0.00026999,0.00000000,0,0.00000000,3899,3895,23,0.00452424
1696750257.71507978,0.00352758,1167,0.00013529,0.00000000,0,0.00000000,3895,3917,40,0.00345132
1696750257.81507874,0.00498888,1144,0.00019567,0.00000000,0,0.00000000,3917,3924,29,0.00420101
1696750257.91504097,0.00576011,1150,0.00018824,0.00000000,0,0.00000000,3924,3936,27,0.00272558
1696750258.01490617,0.00468285,1173,0.00020056,0.00000000,0,0.00000000,3936,3935,23,0.00493564
1696750258.11503506,0.00795027,1168,0.00035971,0.00000000,0,0.00000000,3935,3933,27,0.00448005
1696750258.21496367,0.00618457,1176,0.00021113,0.00000000,0,0.00000000,3933,3937,13,0.00334281
1696750258.31502104,0.00765345,1174,0.00031684,0.00000000,0,0.00000000,3937,3931,14,0.00279510
1696750258.41501999,0.00459688,1219,0.00021007,0.00000000,0,0.00000000,3931,3924,25,0.00267357
1696750258.51501751,0.00654205,1213,0.00019150,0.00000000,0,0.00000000,3924,3935,18,0.00315499
1696750258.61508250,0.00494290,1203,0.00014827,0.00000000,0,0.00000000,3935,3939,13,0.00500155
1696750258.71500087,0.00439999,1214,0.00020751,0.00000000,0,0.00000000,3939,3928,17,0.00249233
1696750258.81496119,0.00420164,1184,0.00025694,0.00000000,0,0.00000000,3928,3930,20,0.00389956
1696750258.91490269,0.00558111,1235,0.00013959,0.00000000,0,0.00000000,3930,3947,22,0.00302863
1696750259.01499915,0.00616967,1259,0.00016964,0.00000000,0,0.00000000,3947,3961,18,0.00355390
1696750259.11491895,0.00867217,1275,0.00030301,0.00000000,0,0.00000000,3961,3964,17,0.00257652
1696750259.21484518,0.00548374,1316,0.00014114,0.00000000,0,0.00000000,3964,3958,16,0.00269958
1696750259.31503487,0.00615121,1314,0.00018178,0.00000000,0,0.00000000,3958,3970,18,0.00487932
1696750259.41494608,0.00628575,1337,0.00031019,0.00000000,0,0.00000000,3970,3966,17,0.00357373
1696750259.51489329,0.00695790,1341,0.00089388,0.00000000,0,0.00000000,3966,3932,15,0.00483079
1696750259.61497474,0.00240992,1357,0.00005106,0.00000000,0,0.00000000,3807,3823,17,0.00401070
1696750259.71492219,0.00470697,1349,0.00006008,0.00000000,0,0.00000000,3823,3833,10,0.00320800
1696750259.81487846,0.00468917,1409,0.00004773,0.00000000,0,0.00000000,3833,3844,12,0.00351383
1696750259.91494012,0.00605279,1371,0.00004943,0.00000000,0,0.00000000,3844,3848,12,0.00239164
1696750260.01490283,0.00462796,1386,0.00009109,0.00000000,0,0.00000000,3848,3853,11,0.00170028
1696750260.11486077,0.00596891,1386,0.00017507,0.00000000,0,0.00000000,3853,3861,14,0.00356699
1696750260.21497703,0.00426626,1400,0.00005381,0.00000000,0,0.00000000,3861,3871,12,0.00241933
1696750260.31492138,0.00440957,1415,0.00007924,0.00000000,0,0.00000000,3871,3875,13,0.00469874
1696750260.41501617,0.00503894,1419,0.00003422,0.00000000,0,0.00000000,3875,3882,7,0.00283166
1696750260.51498079,0.00636206,1432,0.00004733,0.00000000,0,0.00000000,3882,3888,6,0.00253909
1696750260.61490679,0.00390602,1445,0.00002422,0.00000000,0,0.00000000,3888,3893,6,0.00526991
1696750260.71483278,0.00847629,1453,0.00010871,0.00000000,0,0.00000000,3893,3904,16,0.00334020
1696750260.81508994,0.00719312,1418,0.00018319,0.00000000,0,0.00000000,3904,3909,12,0.00293953
1696750260.91489434,0.00738837,1455,0.00025277,0.00000000,0,0.00000000,3909,3919,19,0.00487857
1696750261.01485181,0.00348767,1432,0.00003254,0.00000000,0,0.00000000,3919,3926,8,0.00303459
1696750261.11496615,0.00869700,1443,0.00033614,0.00000000,0,0.00000000,3926,3938,16,0.00285856
1696750261.21486115,0.00604082,1457,0.00011323,0.00000000,0,0.00000000,3938,3944,16,0.00338476
1696750261.31494713,0.00851771,1454,0.00021659,0.00000000,0,0.00000000,3944,3941,17,0.00331936
1696750261.41492033,0.00561140,1459,0.00007595,0.00000000,0,0.00000000,3941,3927,10,0.00448144
1696750261.51487112,0.00762173,1485,0.00035720,0.00000000,0,0.00000000,3927,3940,19,0.00499893
1696750261.61480427,0.00452416,1445,0.00007338,0.00000000,0,0.00000000,3940,3946,16,0.00230611
1696750261.71495485,0.00602862,1421,0.00028365,0.00000000,0,0.00000000,3946,3956,18,0.00529840
1696750261.81482244,0.00568794,1446,0.00009139,0.00000000,0,0.00000000,3956,3950,10,0.00264799
1696750261.91475081,0.00479398,1449,0.00010261,0.00000000,0,0.00000000,3950,3962,14,0.00556226
1696750262.01494217,0.01217581,1465,0.00016249,0.00000000,0,0.00000000,3962,3968,8,0.00389192
1696750262.11483765,0.00328973,1428,0.00003339,0.00000000,0,0.00000000,3968,3975,11,0.00264482
1696750262.21479273,0.00266687,1422,0.00004929,0.00000000,0,0.00000000,3975,3979,11,0.00227704
1696750262.31486201,0.00353191,1446,0.00007245,0.00000000,0,0.00000000,3979,3984,15,0.00219267
1696750262.41482234,0.00380814,1449,0.00003283,0.00000000,0,0.00000000,3984,3990,11,0.00676645
1696750262.51530647,0.00799702,1471,0.00045084,0.00000000,0,0.00000000,3990,3965,9,0.00113429
1696750262.61492419,0.00502341,1468,0.00006104,0.00000000,0,0.00000000,3965,3967,13,0.00442218
1696750262.71484518,0.00623058,1454,0.00012577,0.00000000,0,0.00000000,3967,3964,8,0.00533127
1696750262.81477523,0.00528345,1464,0.00004901,0.00000000,0,0.00000000,3964,3970,7,0.00304282
1696750262.91490483,0.00603132,1429,0.00004388,0.00000000,0,0.00000000,3970,3973,4,0.00610486
1696750263.01480126,0.00476865,1436,0.00007790,0.00000000,0,0.00000000,3973,3983,15,0.00349432
1696750263.11474681,0.00483420,1457,0.00005409,0.00000000,0,0.00000000,3983,3986,12,0.00440477
1696750263.21490026,0.00386902,1461,0.00002078,0.00000000,0,0.00000000,3986,3984,3,0.00414540
1696750263.31474090,0.00630425,1431,0.00007379,0.00000000,0,0.00000000,3984,3985,5,0.00294383
1696750263.41475749,0.00512082,1462,0.00004489,0.00000000,0,0.00000000,3985,3991,8,0.00426090
1696750263.51501799,0.00538347,1468,0.00008114,0.00000000,0,0.00000000,3991,3984,6,0.00316139
1696750263.61479139,0.00399249,1441,0.00004013,0.00000000,0,0.00000000,3984,3984,6,0.00393449
1696750263.71482897,0.00609938,1446,0.00001498,0.00000000,0,0.00000000,3984,3986,2,0.00407168
1696750263.81486464,0.00448118,1457,0.00003108,0.00000000,0,0.00000000,3986,3988,8,0.00513383
1696750263.91477871,0.00883217,1447,0.00026402,0.00000000,0,0.00000000,3988,3989,12,0.00357263
1696750264.01476359,0.00437070,1444,0.00004751,0.00000000,0,0.00000000,3989,3985,8,0.00333541
1696750264.11485291,0.00394114,1420,0.00004206,0.00000000,0,0.00000000,3985,3987,5,0.00499412
1696750264.21478176,0.00474787,1447,0.00005803,0.00000000,0,0.00000000,3987,3993,8,0.00511394
1696750264.31472564,0.00571966,1470,0.00006882,0.00000000,0,0.00000000,3993,3991,3,0.00378562
1696750264.41486120,0.00441284,1429,0.00005750,0.00000000,0,0.00000000,3991,3990,3,0.00470274
1696750264.51476932,0.00624861,1479,0.00007488,0.00000000,0,0.00000000,3990,3992,8,0.00336378
1696750264.61474490,0.00324423,1460,0.00004339,0.00000000,0,0.00000000,3992,4000,11,0.00376892
1696750264.71486259,0.00630314,1435,0.00010794,0.00000000,0,0.00000000,4000,3999,7,0.00306291
1696750264.81472826,0.00528785,1430,0.00011285,0.00000000,0,0.00000000,3999,3999,12,0.00533963
1696750264.91474748,0.00597790,1454,0.00003944,0.00000000,0,0.00000000,3999,4003,5,0.00587640
1696750265.01483774,0.00398745,1435,0.00003792,0.00000000,0,0.00000000,4003,4006,7,0.00251504
1696750265.11470890,0.00669759,1451,0.00004963,0.00000000,0,0.00000000,4006,4010,6,0.00316187
1696750265.21471357,0.00402585,1445,0.00001479,0.00000000,0,0.00000000,4010,4012,3,0.00421579
1696750265.31482005,0.00591932,1430,0.00002231,0.00000000,0,0.00000000,4012,4016,5,0.00438796
1696750265.41475987,0.00447495,1458,0.00003808,0.00000000,0,0.00000000,4016,4018,6,0.00352744
1696750265.51471519,0.00489491,1437,0.00002811,0.00000000,0,0.00000000,4018,4021,4,0.00509101
1696750265.61481953,0.00449327,1464,0.00003407,0.00000000,0,0.00000000,4021,4026,7,0.00213711
1696750265.71486855,0.00469366,1402,0.00005839,0.00000000,0,0.00000000,4026,4031,7,0.00528492
1696750265.81470799,0.00441017,1423,0.00002402,0.00000000,0,0.00000000,4031,4028,3,0.00289992
1696750265.91486645,0.00435897,1427,0.00003093,0.00000000,0,0.00000000,4028,4028,4,0.00404706
1696750266.01469398,0.00413395,1460,0.00008085,0.00000000,0,0.00000000,4028,4034,12,0.00502462
1696750266.11468816,0.00445156,1445,0.00006859,0.00000000,0,0.00000000,4034,4034,8,0.00567993
1696750266.21481013,0.00514966,1439,0.00002402,0.00000000,0,0.00000000,4034,4036,3,0.00507133
1696750266.31471634,0.00483875,1429,0.00006128,0.00000000,0,0.00000000,4036,4030,5,0.00270037
1696750266.41465378,0.00519640,1459,0.00003008,0.00000000,0,0.00000000,4030,4036,9,0.00517401
1696750266.51489305,0.00522669,1436,0.00005522,0.00000000,0,0.00000000,4036,4040,7,0.00561567
1696750266.61467171,0.00427758,1434,0.00005638,0.00000000,0,0.00000000,4040,4044,10,0.00441447
1696750266.71467304,0.00583732,1457,0.00004202,0.00000000,0,0.00000000,4044,4045,6,0.00412890
1696750266.81480622,0.00199915,1450,0.00001222,0.00000000,0,0.00000000,4045,4047,3,0.00451918
1696750266.91467929,0.00488501,1468,0.00004347,0.00000000,0,0.00000000,4047,4047,4,0.00371717
1696750267.01466870,0.00463591,1408,0.00001247,0.00000000,0,0.00000000,4047,4049,2,0.00345611
1696750267.11477470,0.00406507,1466,0.00008877,0.00000000,0,0.00000000,4049,4044,10,0.00571902
1696750267.21466708,0.00228331,1463,0.00001777,0.00000000,0,0.00000000,4044,4040,5,0.00581764
1696750267.31467700,0.00627340,1441,0.00004843,0.00000000,0,0.00000000,4040,4044,5,0.00371318
1696750267.41474891,0.00428021,1458,0.00000358,0.00000000,0,0.00000000,4044,4044,1,0.00316410
1696750267.51467013,0.00484668,1450,0.00002440,0.00000000,0,0.00000000,4044,4046,3,0.00400777
1696750267.61463356,0.00437335,1449,0.00003187,0.00000000,0,0.00000000,4046,4048,4,0.00187874
1696750267.71473861,0.00524442,1453,0.00001313,0.00000000,0,0.00000000,4048,4050,2,0.00450714
1696750267.81469393,0.00446297,1444,0.00003961,0.00000000,0,0.00000000,4050,4050,5,0.00276056
1696750267.91473174,0.00664058,1438,0.00000899,0.00000000,0,0.00000000,4050,4050,3,0.00372210
1696750268.01474977,0.00296070,1437,0.00001419,0.00000000,0,0.00000000,4050,4045,1,0.00457396
1696750268.11467767,0.00527121,1472,0.00004185,0.00000000,0,0.00000000,4045,4046,4,0.00522671
1696750268.21477532,0.00431574,1472,0.00002769,0.00000000,0,0.00000000,4046,4047,5,0.00633202
1696750268.31469393,0.00409266,1429,0.00003807,0.00000000,0,0.00000000,4047,4046,5,0.00335934
1696750268.41465116,0.00405568,1474,0.00000403,0.00000000,0,0.00000000,4046,4046,1,0.00463624
1696750268.51464105,0.00501267,1477,0.00006029,0.00000000,0,0.00000000,4046,4048,9,0.00310332
1696750268.61470962,0.00687054,1483,0.00007816,0.00000000,0,0.00000000,4048,4042,5,0.00259602
1696750268.71467471,0.00546101,1496,0.00002944,0.00000000,0,0.00000000,4042,4045,5,0.00369128
1696750268.81461358,0.00410454,1496,0.00003164,0.00000000,0,0.00000000,4045,4051,8,0.00423639
1696750268.91467094,0.00483242,1457,0.00001998,0.00000000,0,0.00000000,4051,4053,2,0.00364516
1696750269.01463270,0.00588210,1476,0.00003630,0.00000000,0,0.00000000,4053,4055,3,0.00274171
1696750269.11458969,0.00459276,1473,0.00003962,0.00000000,0,0.00000000,4055,4055,6,0.00352172
1696750269.21471858,0.00403816,1459,0.00001715,0.00000000,0,0.00000000,4055,4058,3,0.00388737
1696750269.31462932,0.00582148,1477,0.00004541,0.00000000,0,0.00000000,4058,4063,7,0.00231787
1696750269.41463065,0.00518822,1463,0.00004990,0.00000000,0,0.00000000,4063,4065,6,0.00435932
1696750269.51472449,0.00528171,1454,0.00001594,0.00000000,0,0.00000000,4065,4066,3,0.00430258
1696750269.61466026,0.00728293,1471,0.00003547,0.00000000,0,0.00000000,4066,4068,3,0.00377001
1696750269.71475530,0.00291180,1472,0.00000909,0.00000000,0,0.00000000,4068,4070,5,0.00478685
1696750269.81470752,0.00247495,1457,0.00002214,0.00000000,0,0.00000000,4070,4071,5,0.00445285
1696750269.91475844,0.00552475,1423,0.00001076,0.00000000,0,0.00000000,4071,4072,1,0.00368853
1696750270.01476479,0.00550391,1468,0.00001247,0.00000000,0,0.00000000,4072,4074,4,0.00398539
1696750270.11470485,0.00533968,1464,0.00002035,0.00000000,0,0.00000000,4074,4077,4,0.00258697
1696750270.21460056,0.00455523,1451,0.00003390,0.00000000,0,0.00000000,4077,4075,6,0.00082339
1696750270.31480002,0.00401527,1477,0.00000799,0.00000000,0,0.00000000,4075,4075,3,0.00269069
1696750270.41476274,0.00495550,1470,0.00004657,0.00000000,0,0.00000000,4075,4073,5,0.00589977
1696750270.51472712,0.00687236,1462,0.00002371,0.00000000,0,0.00000000,4073,4075,3,0.00474830
1696750270.61471486,0.00386750,1473,0.00000705,0.00000000,0,0.00000000,4075,4076,1,0.00410125
1696750270.71466899,0.00706304,1462,0.00018023,0.00000000,0,0.00000000,4076,4068,11,0.00299298
1696750270.81472898,0.00558630,1463,0.00002706,0.00000000,0,0.00000000,4068,4070,3,0.00353002
1696750270.91473055,0.00562101,1437,0.00004258,0.00000000,0,0.00000000,4070,4063,5,0.00481665
1696750271.01465058,0.00492778,1443,0.00003715,0.00000000,0,0.00000000,4063,4065,7,0.00481824
